-- phpMyAdmin SQL Dump
-- version 5.2.0
-- https://www.phpmyadmin.net/
--
-- Хост: 127.0.0.1:3306
-- Час створення: Лют 27 2023 р., 21:04
-- Версія сервера: 5.6.51
-- Версія PHP: 8.0.22

SET SQL_MODE = "NO_AUTO_VALUE_ON_ZERO";
START TRANSACTION;
SET time_zone = "+00:00";


/*!40101 SET @OLD_CHARACTER_SET_CLIENT=@@CHARACTER_SET_CLIENT */;
/*!40101 SET @OLD_CHARACTER_SET_RESULTS=@@CHARACTER_SET_RESULTS */;
/*!40101 SET @OLD_COLLATION_CONNECTION=@@COLLATION_CONNECTION */;
/*!40101 SET NAMES utf8mb4 */;

--
-- База даних: `college`
--

-- --------------------------------------------------------

--
-- Структура таблиці `image`
--

CREATE TABLE `image` (
  `id_image` int(11) NOT NULL,
  `name_image` varchar(50) COLLATE utf8mb4_unicode_ci NOT NULL,
  `id_student` int(11) NOT NULL
) ENGINE=InnoDB DEFAULT CHARSET=utf8mb4 COLLATE=utf8mb4_unicode_ci;

--
-- Дамп даних таблиці `image`
--

INSERT INTO `image` (`id_image`, `name_image`, `id_student`) VALUES
(1, 'uploads_images/32-394.jpg', 32),
(2, 'uploads_images/32-335.jpg', 32),
(3, 'uploads_images/32-139.jpg', 32),
(4, 'uploads_images/33-255.jpg', 33),
(5, 'uploads_images/33-347.jpg', 33),
(6, 'uploads_images/33-208.jpg', 33),
(7, 'uploads_images/38-106.jpg', 38),
(8, '../uploads_images/39-374.jpg', 39),
(9, '../uploads_images/40-453.jpg', 40),
(10, '../uploads_images/41-183.jpg', 41),
(11, '../uploads_images/42-442.jpg', 42);

-- --------------------------------------------------------

--
-- Структура таблиці `spec`
--

CREATE TABLE `spec` (
  `id_sp` varchar(3) NOT NULL,
  `id_galuz` varchar(10) NOT NULL,
  `im_galuz` varchar(50) NOT NULL,
  `id_spec` varchar(10) NOT NULL,
  `im_spec` varchar(50) NOT NULL,
  `im_specializ` varchar(60) NOT NULL
) ENGINE=InnoDB DEFAULT CHARSET=utf8;

--
-- Дамп даних таблиці `spec`
--

INSERT INTO `spec` (`id_sp`, `id_galuz`, `im_galuz`, `id_spec`, `im_spec`, `im_specializ`) VALUES
('017', '01', '01 Освіта', '017', '017 Фізична культура і спорт', ''),
('051', '05', '05 Соціальні і поведінкові науки', '051', '051 Економіка', ''),
('071', '07', '07 Управління та адміністрування', '071', '071 Облік і оподаткування', ''),
('072', '07', '07 Управління та адміністрування', '072', '072 Фінанси, банківська справа та страхування', ''),
('081', '08', '08 Право', '081', '081 Право', ''),
('121', '12', '12 Інформаційні технології', '121', '121 Інженерія програмного забезпечення', ''),
('133', '13', '13 Механічна інженерія', '133_1', '133 Галузеве машинобудування', 'Хімічне і нафтове машинобудування'),
('133', '13', '13 Механічна інженерія', '133_2', '133 Галузеве машинобудування', 'Експлуатація та ремонт обладнання харчових виробництв'),
('133', '13', '13 Механічна інженерія', '133_3', '133 Галузеве машинобудування', 'Технологія обробки матеріалів на верстатах та авто'),
('133', '13', '13 Механічна інженерія', '133_4', '133 Галузеве машинобудування', 'Сучасні комп\'ютерні технології в машинобудуванні'),
('136', '13', '13 Механічна інженерія', '136_1', '136 Металургія', 'Ливарне виробництво чорних і кольорових металів і сплавів'),
('136', '13', 'Механічна інженерія', '136_2', '136 Металургія', 'Художнє та ювелірне литво');

-- --------------------------------------------------------

--
-- Структура таблиці `student`
--

CREATE TABLE `student` (
  `s_id` int(5) NOT NULL,
  `s_pr` varchar(30) NOT NULL,
  `s_im` varchar(20) NOT NULL,
  `s_bat` varchar(20) NOT NULL,
  `s_stat` varchar(7) NOT NULL,
  `s_galuz` varchar(50) NOT NULL,
  `s_spec` varchar(60) NOT NULL,
  `s_specz` varchar(90) NOT NULL,
  `s_group` varchar(8) NOT NULL,
  `s_form_navch` varchar(10) NOT NULL,
  `s_vip` varchar(4) NOT NULL DEFAULT 'Ні',
  `s_cours` int(1) NOT NULL,
  `s_contract` varchar(3) NOT NULL,
  `s_dnar` date NOT NULL,
  `s_vik` varchar(2) NOT NULL,
  `s_adresa` varchar(80) NOT NULL,
  `s_tels` varchar(16) NOT NULL,
  `s_telb` varchar(16) NOT NULL,
  `s_telm` varchar(16) NOT NULL,
  `s_osvita_type` varchar(40) NOT NULL,
  `s_rik_zaver` int(4) NOT NULL,
  `s_region_type` varchar(20) NOT NULL,
  `s_region` varchar(20) NOT NULL,
  `s_sirota` varchar(3) DEFAULT 'Ні',
  `s_peresel` varchar(3) DEFAULT NULL,
  `s_chernob` varchar(3) DEFAULT 'Ні',
  `s_inval` varchar(3) NOT NULL DEFAULT 'Ні',
  `s_malozab` varchar(3) NOT NULL DEFAULT 'Ні',
  `s_ato` varchar(3) NOT NULL DEFAULT 'Ні',
  `s_war_act` varchar(3) NOT NULL DEFAULT 'Ні',
  `s_ditzag` varchar(3) NOT NULL DEFAULT 'Ні',
  `s_rada` varchar(3) NOT NULL DEFAULT 'Ні',
  `s_shahter` varchar(3) NOT NULL DEFAULT 'Ні',
  `image` varchar(255) NOT NULL
) ENGINE=InnoDB DEFAULT CHARSET=utf8;

--
-- Дамп даних таблиці `student`
--

INSERT INTO `student` (`s_id`, `s_pr`, `s_im`, `s_bat`, `s_stat`, `s_galuz`, `s_spec`, `s_specz`, `s_group`, `s_form_navch`, `s_vip`, `s_cours`, `s_contract`, `s_dnar`, `s_vik`, `s_adresa`, `s_tels`, `s_telb`, `s_telm`, `s_osvita_type`, `s_rik_zaver`, `s_region_type`, `s_region`, `s_sirota`, `s_peresel`, `s_chernob`, `s_inval`, `s_malozab`, `s_ato`, `s_war_act`, `s_ditzag`, `s_rada`, `s_shahter`, `image`) VALUES
(1, 'Галицький', 'Максим', 'Володимирович', 'Чоловік', '13 Механічна інженерія', '136 Металургія', 'Ливарне виробництво чорних і кольорових металів і сплавів', 'Л-40', 'Денна', 'Так', 2, 'Так', '2002-10-11', '16', 'Жит.обл., м. Коростень, вул.Черемушки, 67 А, кв. 50', '', '0986039863', '', 'Базова загальна середня освіта', 0, 'Місто', 'Житомирська', 'Ні', 'Ні', 'Ні', 'Ні', 'Ні', 'Ні', 'Ні', 'Ні', 'Ні', 'Ні', ''),
(2, 'Побережник', 'Данило', 'Андрійович', 'Чоловік', '13 Механічна інженерія', '136 Металургія', 'Ливарне виробництво чорних і кольорових металів і сплавів', 'Л-40', 'Денна', 'Так', 2, 'Так', '2003-10-11', '15', 'м. Бердичів, вул. Житомирська, 12, кв. 23', '0986229622', '0983573503', '', 'Базова загальна середня освіта', 0, 'Місто', 'Житомирська', 'Ні', 'Ні', 'Ні', 'Ні', 'Ні', 'Ні', 'Ні', 'Ні', 'Ні', 'Ні', ''),
(3, 'Юхимчук', 'Антон', 'Юрійович', 'Чоловік', '13 Механічна інженерія', '136 Металургія', 'Ливарне виробництво чорних і кольорових металів і сплавів', 'Л-40', 'Денна', 'Так', 2, 'Так', '2003-08-06', '16', 'м. Бердичів, вул. Одеська, 29/1, кв. 2', '', '0986039863', '', 'Базова загальна середня освіта', 2018, 'Місто', 'Житомирська', 'Ні', 'Ні', 'Ні', 'Ні', 'Ні', 'Ні', 'Ні', 'Ні', 'Ні', 'Ні', ''),
(4, 'Кузьмінська', 'Вікторія', 'Олегівна', 'Жінка', '13 Механічна інженерія', '136 Металургія', 'Художнє та ювелірне литво', 'Лхл-41', 'Денна', 'Ні', 2, 'Так', '2003-08-12', '16', 'Жит.обл., Берд. р-н, с. Гальчин, вул. Центральна, 4', '0679256907', '', '0975000280', 'Базова загальна середня освіта', 0, 'Сільська місцевість', 'Житомирська', 'Ні', 'Ні', 'Ні', 'Ні', 'Ні', 'Ні', 'Ні', 'Ні', 'Ні', 'Ні', ''),
(5, 'Маляр', 'Назар', 'Максимович', 'Чоловік', '13 Механічна інженерія', '136 Металургія', 'Художнє та ювелірне литво', 'Лхл-41', 'Денна', 'Ні', 2, 'Так', '2003-01-13', '16', 'Жит.обл., Берд.р-н, смт.Гришківці, вул. Горького, 11', '0637923362', '0983820058', '', 'Базова загальна середня освіта', 0, 'Сільська місцевість', 'Житомирська', 'Ні', 'Ні', 'Ні', 'Ні', 'Ні', 'Ні', 'Ні', 'Ні', 'Ні', 'Ні', ''),
(6, 'Мельник', 'Віолетта', 'Анатоліївна', 'Жінка', '13 Механічна інженерія', '136 Металургія', 'Художнє та ювелірне литво', 'Лхл-41', 'Денна', 'Ні', 2, 'Так', '2002-10-20', '16', 'м. Бердичів, вул. Лесі Українки, 39', '0968424632', '', '0986340146', 'Базова загальна середня освіта', 0, 'Місто', 'Житомирська', 'Ні', 'Ні', 'Ні', 'Ні', 'Ні', 'Ні', 'Ні', 'Ні', 'Ні', 'Ні', ''),
(7, 'Талапацька', 'Юлія', 'Євгеніївна', 'Жінка', '13 Механічна інженерія', '136 Металургія', 'Художнє та ювелірне литво', 'Лхл-41', 'Денна', 'Ні', 2, 'Так', '2003-04-11', '16', 'Жит.обл.,Чудн.р-н, с.Рачки, вул. Шевченка, 26', '0672002670', '', '0961027431', 'Базова загальна середня освіта', 0, 'Сільська місцевість', 'Житомирська', 'Ні', 'Ні', 'Ні', 'Ні', 'Ні', 'Ні', 'Ні', 'Ні', 'Ні', 'Ні', ''),
(8, 'Фоменко', 'Вадим', 'Олександрович', 'Чоловік', '13 Механічна інженерія', '136 Металургія', 'Художнє та ювелірне литво', 'Лхл-41', 'Денна', 'Ні', 2, 'Так', '2003-01-25', '16', 'Жит.обл., Берд.р-н, с. Демчин, вул. Шкільна, 62', '', '0683093411', '0962956124', 'Базова загальна середня освіта', 0, 'Сільська місцевість', 'Житомирська', 'Ні', 'Ні', 'Ні', 'Ні', 'Ні', 'Ні', 'Ні', 'Ні', 'Ні', 'Ні', ''),
(9, 'Дячук', 'Арсен', 'Заробідінович', 'Чоловік', '13 Механічна інженерія', '133 Галузеве машинобудування', 'Хімічне і нафтове машинобудування', 'М-98', 'Денна', 'Ні', 2, 'Так', '2003-05-13', '16', 'м. Бердичів, вул. Одеська, 62, кв. 68', '0677660764', '0630263085', '', 'Базова загальна середня освіта', 0, 'Місто', 'Житомирська', '', '', '', '', '', '', '', '', '', '', ''),
(10, 'Загреба', 'Ілля', 'Леонідович', 'Чоловік', '13 Механічна інженерія', '133 Галузеве машинобудування', 'Хімічне і нафтове машинобудування', 'М-98', 'Денна', 'Ні', 2, 'Так', '2003-08-09', '16', 'Жит.обл., Берд.р-н, с. Семенівка, вул. Каштанова, 95', '0995317629', '0993852591', '0506947170', 'Базова загальна середня освіта', 0, 'Місто', 'Житомирська', '', '', '', '', '', '', '', '', '', '', ''),
(11, 'Ільчук', 'Євгеній', 'Русланович', 'Чоловік', '13 Механічна інженерія', '133 Галузеве машинобудування', 'Хімічне і нафтове машинобудування', 'М-98', 'Денна', 'Ні', 2, 'Так', '2003-08-27', '15', 'Жит.обл., Берд.р-н, с. Семенівка, вул. Каштанова, 95', '0683710833', '0963682923', '', 'Базова загальна середня освіта', 0, 'Сільська місцевість', 'Житомирська', '', '', '', '', '', '', '', '', '', '', ''),
(12, 'Коваль', 'Данило', 'Андрійович', 'Чоловік', '13 Механічна інженерія', '133 Галузеве машинобудування', 'Хімічне і нафтове машинобудування', 'М-98', 'Денна', 'Ні', 2, 'Так', '2003-03-24', '16', 'м. Бердичів, вул. Одеська, 58, кв. 118', '0977254167', '0677883669', '', 'Базова загальна середня освіта', 0, 'Місто', 'Житомирська', '', '', '', '', '', '', '', '', '', '', ''),
(13, 'Мельничук', 'Данило', 'Андрійович', 'Чоловік', '13 Механічна інженерія', '133 Галузеве машинобудування', 'Хімічне і нафтове машинобудування', 'М-98', 'Денна', 'Ні', 2, 'Так', '2003-02-27', '16', 'м. Бердичів, вул. Чкалова', '', '', '0679210529', 'Базова загальна середня освіта', 0, 'Місто', 'Житомирська', '', '', '', '', '', '', '', '', '', '', ''),
(14, 'Пацало', 'Максим', 'Олександрович', 'Чоловік', '13 Механічна інженерія', '133 Галузеве машинобудування', 'Хімічне і нафтове машинобудування', 'М-98', 'Денна', 'Ні', 2, 'Так', '2003-08-21', '16', 'м. Бердичів, вул. Квітнева, 68', '0965514816', '0972625016', '', 'Базова загальна середня освіта', 0, 'Місто', 'Житомирська', '', '', '', '', '', '', '', '', '', '', ''),
(15, 'Реєнт', 'Владислав', 'Леонідович', 'Чоловік', '13 Механічна інженерія', '133 Галузеве машинобудування', 'Хімічне і нафтове машинобудування', 'М-98', 'Денна', 'Ні', 2, 'Так', '2003-06-03', '16', 'м. Бердичів, вул. Нова, 49', '0960218580', '', '0675867855', 'Базова загальна середня освіта', 0, 'Місто', 'Житомирська', '', '', '', '', '', '', '', '', '', '', ''),
(16, 'Ткачук', 'Віталій', 'Вікторович', 'Чоловік', '13 Механічна інженерія', '133 Галузеве машинобудування', 'Хімічне і нафтове машинобудування', 'М-98', 'Денна', 'Ні', 2, 'Так', '2003-04-10', '16', 'Він.обл., Хмільн.р-н,с. Держанівка,вул.Мічуріна,12', '0982699607', '', '0680475471', 'Базова загальна середня освіта', 0, 'Сільська місцевість', 'Вінницька', '', '', '', '', '', '', '', '', '', '', ''),
(17, 'Троцький', 'Олександр', 'Романович', 'Чоловік', '13 Механічна інженерія', '133 Галузеве машинобудування', 'Хімічне і нафтове машинобудування', 'М-98', 'Денна', 'Ні', 2, 'Так', '2003-06-20', '16', 'м. Бердичів, вул. Низгірецька, 115, кв. 52', '0975042003', '', '0982879925', 'Базова загальна середня освіта', 0, 'Місто', 'Житомирська', '', '', '', '', '', '', '', '', '', '', ''),
(18, 'Чихун', 'Дмитро', 'Андрійович', 'Чоловік', '13 Механічна інженерія', '133 Галузеве машинобудування', 'Хімічне і нафтове машинобудування', 'М-98', 'Денна', 'Ні', 2, 'Так', '2003-06-08', '16', 'м. Бердичів, вул. Козацька, 62, кв. 6', '0967538032', '0988316290', '', 'Базова загальна середня освіта', 0, 'Місто', 'Житомирська', '', '', '', '', '', '', '', '', '', '', ''),
(19, 'Бабій', 'Олександр', 'Петрович', 'Чоловік', '13 Механічна інженерія', '133 Галузеве машинобудування', 'Експлуатація та ремонт обладнання харчових виробництв', 'Мх-99', 'Денна', 'Ні', 2, 'Так', '2003-02-21', '16', 'м. Бердичів, вул. Данилівська, 18, кв. 31', '0685621092', '0680582910', '', 'Базова загальна середня освіта', 0, 'Місто', 'Житомирська', '', '', '', '', '', '', '', '', '', '', ''),
(20, 'Буденюк', 'Володимир', 'Віталійович', 'Чоловік', '13 Механічна інженерія', '133 Галузеве машинобудування', 'Експлуатація та ремонт обладнання харчових виробництв', 'Мх-99', 'Денна', 'Ні', 2, 'Так', '2002-12-31', '16', 'м. Бердичів, вул. Одеська, 53 А, кв.40', '0681570224', '', '0682205107', 'Базова загальна середня освіта', 0, 'Місто', 'Житомирська', '', '', '', '', '', '', '', '', '', '', ''),
(21, 'Ващук', 'Андрій', 'Олександрович', 'Чоловік', '13 Механічна інженерія', '133 Галузеве машинобудування', 'Експлуатація та ремонт обладнання харчових виробництв', 'Мх-99', 'Денна', 'Ні', 2, 'Так', '2002-12-14', '16', 'м. Бердичів, вул. Суворова,  35', '0988906908', '', '0974952705', 'Базова загальна середня освіта', 0, 'Місто', 'Житомирська', '', '', '', '', '', '', '', '', '', '', ''),
(22, 'Вовк', 'Роман', 'Володимирович', 'Чоловік', '13 Механічна інженерія', '133 Галузеве машинобудування', 'Експлуатація та ремонт обладнання харчових виробництв', 'Мх-99', 'Денна', 'Ні', 2, 'Так', '2002-10-14', '16', 'м. Бердичів, вул. Раскової, 11, кв. 63', '0976175734', '0985271713', '', 'Базова загальна середня освіта', 0, 'Місто', 'Житомирська', '', '', '', '', '', '', '', '', '', '', ''),
(23, 'Макарук', 'Володимир', 'Сергійович', 'Чоловік', '13 Механічна інженерія', '133 Галузеве машинобудування', 'Експлуатація та ремонт обладнання харчових виробництв', 'Мх-99', 'Денна', 'Ні', 2, 'Так', '2002-11-28', '16', 'м. Бердичів, вул. Житомирська, 46, кв. 28', '0683356572', '0985180822', '', 'Базова загальна середня освіта', 0, 'Місто', 'Житомирська', '', '', '', '', '', '', '', '', '', '', ''),
(24, 'Махобродзь', 'Олександр', 'Євгенович', 'Чоловік', '13 Механічна інженерія', '133 Галузеве машинобудування', 'Експлуатація та ремонт обладнання харчових виробництв', 'Мх-99', 'Денна', 'Ні', 2, 'Так', '2003-02-06', '16', '', '0988786572', '0965269688', '', 'Базова загальна середня освіта', 0, 'Місто', 'Житомирська', '', '', '', '', '', '', '', '', '', '', ''),
(25, 'Невмержицький', 'Василь', 'Сергійович', 'Чоловік', '13 Механічна інженерія', '133 Галузеве машинобудування', 'Експлуатація та ремонт обладнання харчових виробництв', 'Мх-99', 'Денна', 'Ні', 2, 'Так', '2002-09-08', '16', 'Жит.обл., м. Коростень, пров. Шевченка, 16', '0637627437', '0965269688', '', 'Базова загальна середня освіта', 0, 'Місто', 'Житомирська', '', '', '', '', '', '', '', '', '', '', ''),
(26, 'Пахолівецький', 'Вадим', 'Геннадійович', 'Чоловік', '13 Механічна інженерія', '133 Галузеве машинобудування', 'Експлуатація та ремонт обладнання харчових виробництв', 'Мх-99', 'Денна', 'Ні', 2, 'Так', '2002-09-22', '16', 'м. Бердичів, вул. Романа Абрамова, 30, кв. 1', '0686922646', '0963071548', '', 'Базова загальна середня освіта', 0, 'Місто', 'Житомирська', '', '', '', '', '', '', '', '', '', '', ''),
(27, 'Пухальський', 'Ярослав', 'Андрійович', 'Чоловік', '13 Механічна інженерія', '133 Галузеве машинобудування', 'Експлуатація та ремонт обладнання харчових виробництв', 'Мх-99', 'Денна', 'Ні', 2, 'Так', '2003-05-04', '16', 'м. Бердичів, вул. Низгірецька, 115, кв. 30', '', '0678529079', '', 'Базова загальна середня освіта', 0, 'Місто', 'Житомирська', '', '', '', '', '', '', '', '', '', '', ''),
(28, 'Степарук', 'Андрій', 'Валентинович', 'Чоловік', '13 Механічна інженерія', '133 Галузеве машинобудування', 'Експлуатація та ремонт обладнання харчових виробництв', 'Мх-99', 'Денна', 'Ні', 2, 'Так', '2002-12-21', '16', 'м. Бердичів, вул. І. Житніченка, 81, кв. А', '', '0680006955', '', 'Базова загальна середня освіта', 0, 'Місто', 'Житомирська', '', '', '', '', '', '', '', '', '', '', ''),
(29, 'Франчук', 'Олексій', 'Іванович', 'Чоловік', '13 Механічна інженерія', '133 Галузеве машинобудування', 'Експлуатація та ремонт обладнання харчових виробництв', 'Мх-99', 'Денна', 'Ні', 2, 'Так', '2003-07-29', '16', 'Жит.обл., Руж.р-н,с. Вільнопілля, 8', '', '0688323173', '', 'Базова загальна середня освіта', 0, 'Сільська місцевість', 'Житомирська', '', '', '', '', '', '', '', '', '', '', ''),
(30, 'Цілінський', 'Максим', 'Олександрович', 'Чоловік', '13 Механічна інженерія', '133 Галузеве машинобудування', 'Експлуатація та ремонт обладнання харчових виробництв', 'Мх-99', 'Денна', 'Ні', 2, 'Так', '2003-08-11', '16', 'м. Бердичів, вул. Св. Покрови, 11', '0687273085', '0965656450', '', 'Базова загальна середня освіта', 0, 'Місто', 'Житомирська', '', '', '', '', '', '', '', '', '', '', ''),
(31, 'Чумак', 'Дмитро', 'Олександрович', 'Чоловік', '13 Механічна інженерія', '133 Галузеве машинобудування', 'Експлуатація та ремонт обладнання харчових виробництв', 'Мх-99', 'Денна', 'Ні', 2, 'Так', '2003-07-22', '16', 'м. Бердичів, вул. Ярослава Мудрого, 67', '0676437200', '0677730675', '', 'Базова загальна середня освіта', 0, 'Місто', 'Житомирська', '', '', '', '', '', '', '', '', '', '', ''),
(32, 'Ляшко', 'Анжела', 'Вікторівна', 'Жінка', '', '', '', 'Ф-20', '', 'Ні', 0, 'Ні', '2005-03-02', '17', 'Молодогвардійська', '11111', '66565', '14556', 'Базова загальна середня освіта', 2020, 'Місто', 'Житомирська', 'Ні', 'Ні', 'Ні', 'Ні', 'Так', 'Ні', 'Ні', 'Ні', 'Ні', 'Ні', '32-10.jpg'),
(33, 'Кравчук', 'Микола', 'Сергійович', 'Чоловік', '', '', '', 'Л-36', '', 'Ні', 0, 'Так', '2001-05-01', '21', 'Молодогвардійська', '1452554', '123245', '125483', 'Повна загальна середня освіта', 2016, 'Сільська місцевість', 'Вінницька', 'Ні', 'Ні', 'Ні', 'Ні', 'Ні', 'Ні', 'Ні', 'Ні', 'Ні', 'Ні', '33-7.jpg'),
(34, 'Мартинюк', 'Олег', 'Вікторович', 'Чоловік', '', '', '', 'Е-23', '', 'Ні', 0, 'Так', '2006-05-02', '16', 'Молодогвардійська', '1225563321', '123245', '545454', 'Базова загальна середня освіта', 2020, 'Сільська місцевість', 'Житомирська', 'Ні', 'Ні', 'Ні', 'Ні', 'Ні', 'Ні', 'Так', 'Ні', 'Ні', 'Ні', ''),
(35, 'Мартинюк', 'Олег', 'Вікторович', 'Чоловік', '', '', '', 'Е-23', '', 'Ні', 0, 'Так', '2006-05-02', '16', 'Молодогвардійська', '1225563321', '123245', '545454', 'Базова загальна середня освіта', 2020, 'Сільська місцевість', 'Житомирська', 'Ні', 'Ні', 'Ні', 'Ні', 'Ні', 'Ні', 'Так', 'Ні', 'Ні', 'Ні', ''),
(36, 'Мартинюк', 'Олег', 'Вікторович', 'Чоловік', '', '', '', 'Е-23', '', 'Ні', 0, 'Так', '2006-05-02', '16', 'Молодогвардійська', '1225563321', '123245', '545454', 'Базова загальна середня освіта', 2020, 'Сільська місцевість', 'Житомирська', 'Ні', 'Ні', 'Ні', 'Ні', 'Ні', 'Ні', 'Так', 'Ні', 'Ні', 'Ні', ''),
(37, 'Мартинюк', 'Олег', 'Вікторович', 'Чоловік', '', '', '', 'Е-23', '', 'Ні', 0, 'Так', '2006-05-02', '16', 'Молодогвардійська', '1225563321', '123245', '545454', 'Базова загальна середня освіта', 2020, 'Сільська місцевість', 'Житомирська', 'Ні', 'Ні', 'Ні', 'Ні', 'Ні', 'Ні', 'Так', 'Ні', 'Ні', 'Ні', ''),
(38, 'Мартинюк', 'Олег', 'Вікторович', 'Чоловік', '', '', '', 'Е-23', '', 'Ні', 0, 'Так', '2006-05-02', '16', 'Молодогвардійська', '1225563321', '123245', '545454', 'Базова загальна середня освіта', 2020, 'Сільська місцевість', 'Житомирська', 'Ні', 'Ні', 'Ні', 'Ні', 'Ні', 'Ні', 'Так', 'Ні', 'Ні', 'Ні', '38-2.jpg'),
(39, 'Мартинюк', 'Олег', 'Вікторович', 'Чоловік', '', '', '', 'Е-23', '', 'Ні', 0, 'Так', '2006-05-02', '16', 'Молодогвардійська', '1225563321', '123245', '545454', 'Базова загальна середня освіта', 2020, 'Сільська місцевість', 'Житомирська', 'Ні', 'Ні', 'Ні', 'Ні', 'Ні', 'Ні', 'Так', 'Ні', 'Ні', 'Ні', '39-9.jpg'),
(40, 'Мартинюк', 'Олег', 'Вікторович', 'Чоловік', '', '', '', 'Е-23', '', 'Ні', 0, 'Так', '2006-05-02', '16', 'Молодогвардійська', '1225563321', '123245', '545454', 'Базова загальна середня освіта', 2020, 'Сільська місцевість', 'Житомирська', 'Ні', 'Ні', 'Ні', 'Ні', 'Ні', 'Ні', 'Так', 'Ні', 'Ні', 'Ні', '40-9.jpg'),
(41, 'Мартинюк', 'Олег', 'Вікторович', 'Чоловік', '', '', '', 'Е-23', '', 'Ні', 0, 'Так', '2006-05-02', '16', 'Молодогвардійська', '1225563321', '123245', '545454', 'Базова загальна середня освіта', 2020, 'Сільська місцевість', 'Житомирська', 'Ні', 'Ні', 'Ні', 'Ні', 'Ні', 'Ні', 'Так', 'Ні', 'Ні', 'Ні', '41-9.jpg'),
(42, 'Чукча', 'Мурат', 'Микрогович', 'Чоловік', '', '', '', 'Л-36', '', 'Ні', 0, 'Ні', '2000-02-01', '23', 'Молодогвардійська', '1225563321', '66565', '1254', 'Повна загальна середня освіта', 2005, 'Сільська місцевість', 'Івано-Франківська', 'Ні', 'Ні', 'Ні', 'Так', 'Ні', 'Ні', 'Ні', 'Ні', 'Ні', 'Ні', '42-8.jpg');

-- --------------------------------------------------------

--
-- Структура таблиці `st_group`
--

CREATE TABLE `st_group` (
  `g_vipusc` varchar(3) NOT NULL,
  `g_im` varchar(7) NOT NULL,
  `g_galuz` varchar(50) NOT NULL,
  `g_spec` varchar(80) NOT NULL,
  `g_specz` varchar(80) NOT NULL,
  `g_course` varchar(1) NOT NULL,
  `g_count_stud` int(2) NOT NULL,
  `g_count_derg` int(2) NOT NULL,
  `g_count_comerc` int(2) NOT NULL,
  `g_nastav` varchar(20) NOT NULL,
  `g_formnavch` varchar(10) NOT NULL DEFAULT 'Денна',
  `g_id_sp` varchar(10) NOT NULL
) ENGINE=InnoDB DEFAULT CHARSET=utf8;

--
-- Дамп даних таблиці `st_group`
--

INSERT INTO `st_group` (`g_vipusc`, `g_im`, `g_galuz`, `g_spec`, `g_specz`, `g_course`, `g_count_stud`, `g_count_derg`, `g_count_comerc`, `g_nastav`, `g_formnavch`, `g_id_sp`) VALUES
('', 'А-24', '07 Управління та адміністрування', '071 Облік і оподаткування', '', '2', 0, 0, 0, '', 'Денна', '0'),
('Так', 'Е-21', '05 Соціальні і поведінкові науки', '051 Економіка', '', '3', 0, 0, 0, '', 'Денна', '0'),
('', 'Е-22', '05 Соціальні і поведінкові науки', '051 Економіка', '', '2', 0, 0, 0, '', 'Денна', '0'),
('', 'Е-23', '05 Соціальні і поведінкові науки', '051 Економіка', '', '1', 0, 0, 0, '', 'Денна', '0'),
('Так', 'Л-36', '13 Механічна інженерія', '136 Металургія', 'Ливарне виробництво чорних і кольорових металів і сплавів', '4', 0, 0, 0, '', 'Денна', '0'),
('', 'Л-38', '13 Механічна інженерія', '136 Металургія', 'Ливарне виробництво чорних і кольорових металів і сплавів', '3', 0, 0, 0, '', 'Денна', '0'),
('Ні', 'Л-40', '13 Механічна інженерія', '136 Металургія', 'Ливарне виробництво чорних і кольорових металів і сплавів', '2', 0, 0, 0, '', 'Денна', '0'),
('', 'Л-42', '13 Механічна інженерія', '136 Металургія', 'Ливарне виробництво чорних і кольорових металів і сплавів', '1', 0, 0, 0, '', 'Денна', '0'),
('Так', 'Лхл-37', '13 Механічна інженерія', '136 Металургія', 'Художнє та ювелірне литво', '4', 0, 0, 0, '', 'Денна', '0'),
('', 'Лхл-39', '13 Механічна інженерія', '136 Металургія', 'Художнє та ювелірне литво', '3', 0, 0, 0, '', 'Денна', '0'),
('Ні', 'Лхл-41', '13 Механічна інженерія', '136 Металургія', 'Художнє та ювелірне литво', '2', 0, 0, 0, '', 'Денна', '0'),
('', 'Лхл-43', '13 Механічна інженерія', '136 Металургія', 'Художнє та ювелірне литво', '1', 0, 0, 0, '', 'Денна', '0'),
('', 'М-01', '13 Механічна інженерія', '133 Галузеве машинобудування', 'Хімічне і нафтове машинобудування', '1', 0, 0, 0, '', 'Денна', '0'),
('Так', 'М-94', '13 Механічна інженерія', '133 Галузеве машинобудування', 'Хімічне і нафтове машинобудування', '4', 0, 0, 0, '', 'Денна', '0'),
('', 'М-96', '13 Механічна інженерія', '133 Галузеве машинобудування', 'Хімічне і нафтове машинобудування', '3', 0, 0, 0, '', 'Денна', '0'),
('', 'М-98', '13 Механічна інженерія', '133 Галузеве машинобудування', 'Хімічне і нафтове машинобудування', '2', 0, 0, 0, '', 'Денна', '0'),
('', 'Мх-02', '13 Механічна інженерія', '133 Галузеве машинобудування', 'Експлуатація та ремонт обладнання харчових виробництв', '1', 0, 0, 0, '', 'Денна', '0'),
('Так', 'Мх-95', '13 Механічна інженерія', '133 Галузеве машинобудування', 'Експлуатація та ремонт обладнання харчових виробництв', '4', 0, 0, 0, '', 'Денна', '0'),
('', 'Мх-97', '13 Механічна інженерія', '133 Галузеве машинобудування', 'Експлуатація та ремонт обладнання харчових виробництв', '3', 0, 0, 0, '', 'Денна', '0'),
('', 'Мх-99', '13 Механічна інженерія', '133 Галузеве машинобудування', 'Експлуатація та ремонт обладнання харчових виробництв', '2', 0, 0, 0, '', 'Денна', '0'),
('Так', 'П-18', '12 Інформаційні технології', '121 Інженерія програмного забезпечення', '', '4', 0, 0, 0, '', 'Денна', '0'),
('', 'П-19', '12 Інформаційні технології', '121 Інженерія програмного забезпечення', '', '3', 0, 0, 0, '', 'Денна', '0'),
('', 'П-20', '12 Інформаційні технології', '121 Інженерія програмного забезпечення', '', '2', 0, 0, 0, '', 'Денна', '0'),
('', 'П-21', '12 Інформаційні технології', '121 Інженерія програмного забезпечення', '', '1', 0, 0, 0, '', 'Денна', '0'),
('Так', 'Т-56', '13 Механічна інженерія', '133 Галузеве машинобудування', 'Технологія обробки матеріалів на верстатах та автоматичних лініях', '4', 0, 0, 0, '', 'Денна', '0'),
('', 'Т-58', '13 Механічна інженерія', '133 Галузеве машинобудування', 'Технологія обробки матеріалів на верстатах та автоматичних лініях', '3', 0, 0, 0, '', 'Денна', '0'),
('', 'Т-60', '13 Механічна інженерія', '133 Галузеве машинобудування', 'Технологія обробки матеріалів на верстатах та автоматичних лініях', '2', 0, 0, 0, '', 'Денна', '0'),
('', 'Т-62', '13 Механічна інженерія', '133 Галузеве машинобудування', 'Технологія обробки матеріалів на верстатах та автоматичних лініях', '1', 0, 0, 0, '', 'Денна', '0'),
('Так', 'Ткт-57', '13 Механічна інженерія', '133 Галузеве машинобудування', 'Сучасні комп\'ютерні технології в машинобудуванні', '4', 0, 0, 0, '', 'Денна', '0'),
('', 'Ткт-59', '13 Механічна інженерія', '133 Галузеве машинобудування', 'Сучасні комп\'ютерні технології в машинобудуванні', '3', 0, 0, 0, '', 'Денна', '0'),
('', 'Ткт-61', '13 Механічна інженерія', '133 Галузеве машинобудування', 'Сучасні комп\'ютерні технології в машинобудуванні', '2', 0, 0, 0, '', 'Денна', '0'),
('', 'Ткт-63', '13 Механічна інженерія', '133 Галузеве машинобудування', 'Сучасні комп\'ютерні технології в машинобудуванні', '1', 0, 0, 0, '', 'Денна', '0'),
('Так', 'Ф-18', '07 Управління та адміністрування', '072 Фінанси, банківська справа та страхування', '', '3', 0, 0, 0, '', 'Денна', '0'),
('', 'Ф-19', '07 Управління та адміністрування', '072 Фінанси, банківська справа та страхування', '', '2', 0, 0, 0, '', 'Денна', '0'),
('', 'Ф-20', '07 Управління та адміністрування', '072 Фінанси, банківська справа та страхування', '', '1', 0, 0, 0, '', 'Денна', '0'),
('Так', 'ФВ-09', '01 Освіта', '017 Фізична культура і спорт', '', '3', 0, 0, 0, '', 'Денна', '0'),
('', 'ФВ-10', '01 Освіта ', '017 Фізична культура і спорт', '', '2', 0, 0, 0, '', 'Денна', '0'),
('', 'ФВ-11', '01 Освіта', '017 Фізична культура і спорт', '', '1', 0, 0, 0, '', 'Денна', '0'),
('Так', 'Ю-36', '08 Право', '081 Право', '', '4', 0, 0, 0, '', 'Денна', '0'),
('', 'Ю-38', '08 Право', '081 Право', '', '3', 0, 0, 0, '', 'Денна', '0'),
('', 'Ю-40', '08 Право', '081 Право', '', '2', 0, 0, 0, '', 'Денна', '0'),
('', 'Ю-41', '08 Право', '081 Право', '', '2', 0, 0, 0, '', 'Денна', '0'),
('', 'Ю-42', '08 Право', '081 Право', '', '1', 0, 0, 0, '', 'Денна', '0'),
('', 'Ю-43', '08 Право', '081 Право', '', '1', 0, 0, 0, '', 'Денна', '0');

-- --------------------------------------------------------

--
-- Структура таблиці `users`
--

CREATE TABLE `users` (
  `user_id` int(11) NOT NULL,
  `login` varchar(50) COLLATE utf8mb4_unicode_ci NOT NULL,
  `password` varchar(80) COLLATE utf8mb4_unicode_ci NOT NULL,
  `status` int(11) NOT NULL DEFAULT '1'
) ENGINE=InnoDB DEFAULT CHARSET=utf8mb4 COLLATE=utf8mb4_unicode_ci;

--
-- Дамп даних таблиці `users`
--

INSERT INTO `users` (`user_id`, `login`, `password`, `status`) VALUES
(24, 'адмін', '1d2addc25d3f31f8ee786a76a3a207d3', 10),
(25, 'викладач', 'ea6aa5d752d50d4f190cef191000605c', 10);

--
-- Індекси збережених таблиць
--

--
-- Індекси таблиці `image`
--
ALTER TABLE `image`
  ADD PRIMARY KEY (`id_image`);

--
-- Індекси таблиці `spec`
--
ALTER TABLE `spec`
  ADD PRIMARY KEY (`id_spec`),
  ADD KEY `id_spec` (`id_spec`),
  ADD KEY `id_spec_2` (`id_spec`);

--
-- Індекси таблиці `student`
--
ALTER TABLE `student`
  ADD PRIMARY KEY (`s_id`);

--
-- Індекси таблиці `st_group`
--
ALTER TABLE `st_group`
  ADD PRIMARY KEY (`g_im`),
  ADD KEY `g_im` (`g_im`),
  ADD KEY `g_im_2` (`g_im`),
  ADD KEY `g_id_sp` (`g_id_sp`);

--
-- Індекси таблиці `users`
--
ALTER TABLE `users`
  ADD PRIMARY KEY (`user_id`);

--
-- AUTO_INCREMENT для збережених таблиць
--

--
-- AUTO_INCREMENT для таблиці `image`
--
ALTER TABLE `image`
  MODIFY `id_image` int(11) NOT NULL AUTO_INCREMENT, AUTO_INCREMENT=12;

--
-- AUTO_INCREMENT для таблиці `student`
--
ALTER TABLE `student`
  MODIFY `s_id` int(5) NOT NULL AUTO_INCREMENT, AUTO_INCREMENT=43;

--
-- AUTO_INCREMENT для таблиці `users`
--
ALTER TABLE `users`
  MODIFY `user_id` int(11) NOT NULL AUTO_INCREMENT, AUTO_INCREMENT=26;
COMMIT;

/*!40101 SET CHARACTER_SET_CLIENT=@OLD_CHARACTER_SET_CLIENT */;
/*!40101 SET CHARACTER_SET_RESULTS=@OLD_CHARACTER_SET_RESULTS */;
/*!40101 SET COLLATION_CONNECTION=@OLD_COLLATION_CONNECTION */;
